TenureGroup,Complain,用户数,流失人数,流失率,平均订单数,样本提示
0-12,0,2533,394,0.15554678247137782,2.5325700750098696,可观察
0-12,1,1019,452,0.4435721295387635,2.616290480863592,可观察
13-24,0,1135,46,0.04052863436123348,3.7894273127753304,可观察
13-24,1,439,56,0.1275626423690205,3.2710706150341684,可观察
25-36,0,356,0,0.0,3.817415730337079,可观察
25-36,1,144,0,0.0,3.4027777777777777,可观察
36+,0,2,0,0.0,2.5,小样本
36+,1,2,0,0.0,1.5,小样本
